Timesteps,Collisions,Steps Waited,Real-Time Elapsed
527,6,527,4.755947589874268
1608,19,1608,4.1960577964782715
1062,35,1062,4.953526735305786
323,12,323,4.215624809265137
920,11,920,4.405555963516235
1051,28,1051,4.851233005523682
1371,31,1371,3.9617855548858643
936,6,936,5.324887752532959
1983,4,1983,2.173511505126953
1288,12,1288,3.045245409011841
1573,14,1573,4.623129367828369
640,19,640,4.104520797729492
3790,5,3790,5.557431221008301
2705,22,2705,4.374531269073486
4360,10,4360,4.7058265209198
6315,19,6315,5.412684917449951
507,9,507,4.100555896759033
964,22,964,4.62214994430542
4146,27,4146,5.252101421356201
669,12,669,3.279629707336426
5865,29,5865,3.8455724716186523
990,17,990,3.7402379512786865
1502,10,1502,3.5799784660339355
606,10,606,3.6124954223632812
4271,12,4271,3.6403579711914062
2691,21,2691,3.5040388107299805
3223,5,3223,2.6265034675598145
1202,8,1202,4.581396102905273
1802,19,1802,3.0456385612487793
1922,27,1922,4.4820237159729
2181,12,2181,4.301858186721802
568,21,568,4.557229042053223
1019,18,1019,5.0907368659973145
3859,25,3859,2.915271759033203
2699,18,2699,3.8779220581054688
136,2,136,3.683722734451294
806,12,806,4.396128416061401
617,8,617,3.2847559452056885
1551,20,1551,3.2316172122955322
1380,15,1380,4.700684070587158
283,12,283,3.261274814605713
352,13,352,3.1738691329956055
1902,10,1902,4.149865388870239
1049,13,1049,4.496015787124634
4041,10,4041,4.598364353179932
396,12,396,3.3706231117248535
1570,19,1570,2.994774580001831
1957,11,1957,2.563777208328247
1156,19,1156,3.6951119899749756
2303,12,2303,3.615973711013794
351,15,351,2.9848718643188477
1726,16,1726,3.8175559043884277
448,17,448,4.446045875549316
1255,20,1255,4.455632448196411
1521,20,1521,4.41751766204834
3251,23,3251,4.1290342807769775
2468,25,2468,4.111356735229492
1805,11,1805,2.946531057357788
4521,32,4521,3.9452404975891113
358,6,358,5.3062522411346436
1635,23,1635,4.445757865905762
2531,14,2531,3.960139274597168
1341,9,1341,4.730151891708374
7843,27,7843,4.956619024276733
352,1,352,3.2259716987609863
1119,12,1119,4.079561471939087
2226,24,2226,2.541168451309204
417,0,417,3.0335984230041504
4589,22,4589,3.878079891204834
1051,18,1051,5.785240888595581
1721,19,1721,3.3712687492370605
1779,29,1779,3.1572952270507812
3928,18,3928,5.228653430938721
1192,20,1192,5.086207151412964
1316,6,1316,3.6938586235046387
821,9,821,3.8710358142852783
3102,12,3102,3.3260135650634766
690,6,690,3.6734869480133057
1988,30,1988,5.052460432052612
3156,34,3156,4.607892751693726
3449,21,3449,5.032458543777466
535,6,535,4.740180969238281
353,16,353,3.050051212310791
2748,19,2748,2.8928520679473877
1787,14,1787,2.2448320388793945
1105,21,1105,5.668084144592285
4914,12,4914,5.770378828048706
770,17,770,3.674199104309082
1537,22,1537,6.111230373382568
3368,7,3368,4.0327534675598145
3412,27,3412,3.919393539428711
1201,2,1201,4.15544581413269
336,28,336,4.076847314834595
1185,15,1185,4.730769157409668
1472,8,1472,5.887465476989746
592,8,592,5.379052639007568
1383,2,1383,3.8460986614227295
2099,17,2099,2.728724241256714
1143,18,1143,3.4487364292144775
2655,27,2655,3.93853759765625
3980,18,3980,3.8268752098083496
1753,17,1753,3.9919321537017822
2966,26,2966,3.6626014709472656
1226,13,1226,3.885401487350464
1059,21,1059,4.622494697570801
333,12,333,3.4331493377685547
1149,10,1149,4.212709903717041
1375,22,1375,4.644410610198975
6560,24,6560,4.81396746635437
1320,5,1320,3.395521402359009
932,3,932,3.384596109390259
2347,13,2347,5.0581395626068115
3097,9,3097,3.709132432937622
176,8,176,3.080934762954712
656,6,656,2.9359147548675537
1473,12,1473,4.383939504623413
1432,21,1432,5.832079887390137
2070,21,2070,2.83708119392395
1063,21,1063,3.832017183303833
2834,10,2834,5.641655683517456
1037,23,1037,3.8617467880249023
3901,17,3901,4.794079303741455
1046,22,1046,4.686591625213623
905,11,905,4.040541648864746
2880,11,2880,2.574368476867676
5176,28,5176,4.4936723709106445
1780,7,1780,4.7701966762542725
5063,16,5063,5.718076705932617
217,17,217,3.607897996902466
758,4,758,4.144315004348755
1526,15,1526,3.620769739151001
647,13,647,4.750751256942749
782,11,782,4.7788355350494385
453,8,453,3.0604186058044434
1831,10,1831,4.404508829116821
3003,27,3003,4.616740465164185
2179,19,2179,4.215626955032349
2053,18,2053,3.5930423736572266
1106,11,1106,3.9664199352264404
256,10,256,3.33890700340271
529,17,529,4.0724639892578125
2032,19,2032,4.298336744308472
515,10,515,4.42184042930603
627,8,627,4.363061428070068
4021,14,4021,3.832566022872925
3980,23,3980,4.10554838180542
5978,21,5978,4.025251388549805
2644,13,2644,5.14225959777832
771,13,771,2.5618343353271484
2381,16,2381,4.454545259475708
728,6,728,3.899783134460449
526,16,526,2.884760856628418
1270,14,1270,4.8984246253967285
1045,34,1045,3.3984131813049316
3229,23,3229,4.069761037826538
1609,20,1609,4.5427727699279785
1136,7,1136,4.886804819107056
1785,10,1785,4.902509450912476
1248,12,1248,5.4152679443359375
2068,11,2068,3.7625815868377686
347,1,347,4.253398895263672
2642,19,2642,4.117204427719116
2017,10,2017,4.099740028381348
2755,10,2755,4.022290945053101
4913,18,4913,4.998687028884888
979,20,979,4.02875018119812
1343,15,1343,3.851854085922241
819,6,819,5.498844623565674
425,2,425,4.376363039016724
1301,17,1301,4.718557357788086
1929,24,1929,3.5187032222747803
1176,10,1176,4.083472728729248
2418,11,2418,3.7975895404815674
827,14,827,3.2211806774139404
372,13,372,3.2158429622650146
1930,25,1930,3.868619680404663
2550,17,2550,4.300640344619751
397,5,397,4.404028415679932
820,10,820,3.464263439178467
1790,26,1790,3.7173612117767334
583,8,583,4.406217575073242
972,10,972,3.3532819747924805
3516,17,3516,5.894096851348877
3126,18,3126,4.978474855422974
2968,8,2968,3.605437994003296
1580,26,1580,5.23091983795166
1257,20,1257,4.192739248275757
3437,15,3437,5.64342999458313
1026,16,1026,2.8068857192993164
279,6,279,2.9457316398620605
633,15,633,3.528782367706299
2321,15,2321,3.219296455383301
2161,11,2161,2.843400716781616
1742,12,1742,3.6447644233703613
1839,8,1839,4.988242149353027
1076,24,1076,3.5187225341796875
1136,3,1136,3.729627847671509
504,4,504,2.873359441757202
970,20,970,3.8856866359710693
734,10,734,6.0914552211761475
1036,22,1036,3.4375033378601074
935,6,935,5.883935928344727
5398,41,5398,5.097893476486206
3653,17,3653,5.3737640380859375
598,22,598,5.254590034484863
1640,11,1640,3.94585919380188
582,15,582,4.2266526222229
934,4,934,5.930274724960327
973,20,973,2.670185089111328
2072,9,2072,4.747814893722534
1098,20,1098,3.7690882682800293
1676,12,1676,3.741023540496826
732,18,732,4.267005205154419
225,8,225,5.478966951370239
2407,21,2407,3.2665951251983643
569,9,569,2.083519697189331
498,17,498,3.8404653072357178
1506,10,1506,4.40562105178833
566,27,566,3.0320215225219727
2095,41,2095,3.815246820449829
1747,22,1747,3.9647061824798584
7710,10,7710,5.089062690734863
742,13,742,3.158670663833618
6070,18,6070,4.677501678466797
863,11,863,3.6089091300964355
602,13,602,3.101836681365967
4483,20,4483,3.61433482170105
1047,17,1047,3.6519389152526855
864,22,864,4.885641813278198
1456,15,1456,4.916514158248901
1689,16,1689,3.7386624813079834
1043,16,1043,4.0659966468811035
1678,11,1678,3.716127872467041
892,13,892,3.437462091445923
810,20,810,4.282236337661743
1383,6,1383,3.706324338912964
419,2,419,4.409742832183838
2072,14,2072,3.8863136768341064
491,9,491,5.51303243637085
1897,10,1897,3.6348772048950195
2002,2,2002,2.738985776901245
4307,13,4307,5.257506608963013
7412,32,7412,5.684365510940552
7739,17,7739,4.785268783569336
1807,21,1807,3.7577576637268066
4661,14,4661,3.456141233444214
744,6,744,5.206365346908569
959,21,959,4.382318735122681
3041,8,3041,3.399749994277954
2988,17,2988,4.900073051452637
1602,6,1602,4.123733043670654
1244,13,1244,4.218329191207886
1043,9,1043,4.420471668243408
613,12,613,4.6234705448150635
2150,13,2150,3.506868839263916
581,10,581,4.1551196575164795
2645,7,2645,4.190816402435303
653,21,653,5.198180913925171
372,9,372,3.83227276802063
8018,11,8018,3.730478525161743
224,6,224,5.066830396652222
560,9,560,4.747213363647461
1880,33,1880,3.338365316390991
1215,8,1215,4.008171558380127
418,2,418,4.392076730728149
2307,33,2307,3.5367746353149414
712,18,712,4.393672943115234
248,4,248,5.210302352905273
4965,18,4965,5.485761404037476
124,5,124,3.0543465614318848
493,20,493,3.338008403778076
723,10,723,4.76408839225769
2783,21,2783,3.4948673248291016
1299,36,1299,3.3252744674682617
1527,26,1527,3.610279083251953
4318,6,4318,5.110905408859253
3464,4,3464,4.08285117149353
675,19,675,4.108837366104126
1856,8,1856,3.766111373901367
3502,10,3502,4.175015211105347
1270,13,1270,4.851863622665405
197,8,197,3.438960552215576
406,3,406,4.306350231170654
4693,14,4693,4.903699636459351
1414,21,1414,2.7994000911712646
2632,7,2632,3.8597466945648193
1507,18,1507,2.8345277309417725
397,16,397,5.789862871170044
1947,9,1947,3.226937770843506
1587,33,1587,4.345019340515137
1005,13,1005,4.6830973625183105
1467,15,1467,3.852530002593994
3746,26,3746,5.187600135803223
1294,6,1294,4.736683130264282
732,1,732,5.514198303222656
954,23,954,4.707467794418335
813,6,813,4.090202331542969
178,12,178,3.8600387573242188
1214,25,1214,2.864833116531372
5904,18,5904,5.0528881549835205
370,15,370,6.350704908370972
2477,16,2477,5.756760597229004
677,11,677,5.378247499465942
1591,25,1591,3.873504400253296
680,10,680,3.5349998474121094
644,14,644,3.4621384143829346
1681,11,1681,6.025521755218506
390,2,390,3.4654407501220703
2234,10,2234,5.156784534454346
3243,17,3243,4.454920053482056
455,19,455,3.0321428775787354
659,14,659,3.5098023414611816
70,1,70,3.6379783153533936
2225,60,2225,5.121885299682617
2120,19,2120,3.647231340408325
1707,6,1707,3.601339101791382
1192,29,1192,3.4889774322509766
2542,14,2542,3.2880966663360596
1663,23,1663,4.5401434898376465
5290,8,5290,3.4459738731384277
547,11,547,2.193755865097046
1106,24,1106,4.531988143920898
5027,32,5027,5.452357292175293
231,5,231,4.515035390853882
267,7,267,3.5619008541107178
421,11,421,4.613010883331299
2395,20,2395,3.615083932876587
717,15,717,3.104280710220337
856,4,856,3.414469003677368
2050,22,2050,3.5788395404815674
1011,22,1011,3.3482131958007812
1492,8,1492,4.061803579330444
5715,26,5715,3.772773265838623
2246,15,2246,4.304391384124756
742,11,742,3.998791217803955
1005,7,1005,4.6872289180755615
2876,17,2876,3.5633928775787354
409,9,409,3.3696835041046143
2578,6,2578,4.172452926635742
627,7,627,3.4150948524475098
5133,38,5133,4.76764702796936
867,10,867,3.343606948852539
1260,11,1260,4.223786115646362
876,10,876,5.470063924789429
418,8,418,4.4021079540252686
2779,3,2779,4.1968724727630615
2304,19,2304,3.6371164321899414
773,8,773,3.2833669185638428
673,8,673,2.3950722217559814
2444,21,2444,3.454789876937866
1630,16,1630,3.9452340602874756
399,4,399,3.7368786334991455
2403,17,2403,5.674278259277344
926,18,926,3.4726712703704834
1446,13,1446,4.418778657913208
6086,33,6086,4.016016483306885
1722,16,1722,4.307727813720703
1980,8,1980,3.221536159515381
2081,9,2081,5.568388223648071
1852,16,1852,2.543118953704834
592,15,592,3.599978446960449
1274,35,1274,5.388037204742432
1590,44,1590,4.198155879974365
4793,17,4793,4.416246652603149
4338,8,4338,4.8252856731414795
2150,18,2150,3.4854679107666016
949,11,949,2.765068292617798
2359,23,2359,3.8558032512664795
1867,15,1867,5.906470537185669
1447,23,1447,5.365853786468506
1616,14,1616,4.544395446777344
501,21,501,3.9438769817352295
2253,20,2253,3.2648067474365234
1420,21,1420,3.6062982082366943
1141,14,1141,3.9763476848602295
2488,3,2488,3.253443479537964
2107,21,2107,6.528883457183838
425,2,425,2.822885751724243
2508,3,2508,4.412058353424072
582,8,582,3.917771339416504
239,10,239,4.900447368621826
2074,13,2074,5.04097843170166
551,10,551,4.009868860244751
1211,6,1211,2.8794620037078857
2331,7,2331,4.566747188568115
1950,19,1950,3.6702654361724854
3630,18,3630,7.0311119556427
4528,12,4528,4.324209451675415
1245,5,1245,4.78075647354126
3056,4,3056,5.032885551452637
296,9,296,3.132546901702881
952,9,952,2.6915249824523926
959,21,959,3.4020185470581055
232,16,232,2.93929123878479
1895,20,1895,4.308216094970703
3132,17,3132,4.914507150650024
134,2,134,3.9083266258239746
874,28,874,4.965594291687012
1777,20,1777,4.687793731689453
283,3,283,4.3546223640441895
695,11,695,2.633819580078125
576,17,576,3.585904836654663
1742,21,1742,3.148052930831909
1856,8,1856,3.3891003131866455
2813,24,2813,5.267391204833984
1743,22,1743,3.9475772380828857
93,1,93,2.9663615226745605
3746,18,3746,3.779728651046753
2079,23,2079,3.5626015663146973
667,15,667,2.978069543838501
3109,7,3109,3.763669490814209
1460,13,1460,5.086461544036865
2045,17,2045,3.7044968605041504
2171,13,2171,4.957895040512085
1357,8,1357,3.182999610900879
1344,14,1344,3.809199333190918
734,12,734,4.8634655475616455
652,14,652,4.375792503356934
4033,19,4033,3.745433807373047
375,7,375,4.4269208908081055
633,10,633,3.3492884635925293
1200,11,1200,4.469902276992798
1030,20,1030,4.300707101821899
323,11,323,2.6155989170074463
633,19,633,3.8259029388427734
747,4,747,4.815519332885742
6070,7,6070,4.859120845794678
2820,13,2820,4.108682155609131
2550,10,2550,3.5071606636047363
2420,23,2420,4.117064476013184
2056,14,2056,3.7139251232147217
1927,3,1927,3.572809934616089
2541,20,2541,6.028441667556763
2407,20,2407,3.7867860794067383
3550,25,3550,4.447479009628296
594,14,594,3.5706636905670166
1577,10,1577,4.206024408340454
2164,25,2164,5.286147594451904
1302,26,1302,2.584184408187866
452,16,452,4.667269229888916
3855,9,3855,4.497098684310913
1599,21,1599,4.3375914096832275
1157,6,1157,4.877942323684692
573,21,573,3.9347591400146484
3874,12,3874,4.596953392028809
1921,18,1921,3.085693120956421
1180,13,1180,3.6260745525360107
1058,12,1058,4.362410068511963
1062,2,1062,4.570629119873047
428,5,428,3.8430628776550293
2105,15,2105,4.917910814285278
1001,8,1001,3.426987648010254
1174,18,1174,4.339321136474609
597,7,597,2.6741349697113037
2171,23,2171,4.2273335456848145
2627,12,2627,3.2323057651519775
411,29,411,3.7923338413238525
618,6,618,5.007611989974976
529,17,529,2.126434087753296
2622,20,2622,4.599417686462402
869,16,869,4.988890171051025
3409,16,3409,3.572399616241455
761,4,761,3.8235113620758057
417,12,417,4.584094762802124
2253,20,2253,5.183921575546265
506,25,506,2.642918586730957
1480,16,1480,4.344164133071899
1604,21,1604,3.5509033203125
985,7,985,5.160512208938599
4006,31,4006,2.7207834720611572
1011,23,1011,3.18192720413208
568,21,568,3.0579960346221924
1727,31,1727,3.5391528606414795
293,6,293,4.660733938217163
465,7,465,4.4946300983428955
2587,23,2587,4.940065145492554
1353,14,1353,3.4955379962921143
3300,23,3300,4.358016729354858
2416,10,2416,4.343867063522339
829,6,829,4.453580617904663
7029,27,7029,5.140887498855591
4227,30,4227,5.187710762023926
842,9,842,4.491775274276733
1571,21,1571,5.139452219009399
352,0,352,5.005571365356445
3398,16,3398,6.307055950164795
943,20,943,3.5562615394592285
921,28,921,4.262662410736084
869,23,869,5.445186614990234
933,23,933,2.7202281951904297
439,4,439,4.173102617263794
706,5,706,2.6742665767669678
7253,21,7253,5.3734424114227295
1112,19,1112,6.020467281341553
4402,18,4402,5.54236364364624
2402,12,2402,4.57004714012146
1181,21,1181,3.1440250873565674
1911,24,1911,3.0518107414245605
1391,20,1391,3.061436414718628
4286,8,4286,4.1999101638793945
265,15,265,2.847324848175049
1624,13,1624,4.877532720565796
506,10,506,3.136214256286621
581,4,581,3.6048920154571533
1963,24,1963,3.665174961090088
2130,11,2130,3.5640408992767334
1968,28,1968,3.4374496936798096
537,7,537,4.12548828125
2399,31,2399,4.265658617019653
275,1,275,4.400412321090698
1294,13,1294,3.2014849185943604
1649,25,1649,3.925853967666626
528,14,528,4.521395444869995
1003,5,1003,3.403627634048462
597,9,597,4.52557635307312
514,7,514,2.878911256790161
377,7,377,4.425727844238281
8725,32,8725,5.215650796890259
754,8,754,4.623170852661133
1225,12,1225,3.0856869220733643
2106,23,2106,5.403122425079346
2044,6,2044,3.6705758571624756
3789,13,3789,4.231467247009277
4173,24,4173,5.506181955337524
793,10,793,3.6712372303009033
329,0,329,4.553265333175659
5285,14,5285,6.267035722732544
6914,23,6914,4.919103145599365
2157,11,2157,3.3834989070892334
1861,12,1861,5.761987686157227
294,16,294,3.402620315551758
5165,25,5165,4.641491174697876
1014,12,1014,3.560748338699341
385,12,385,3.5179948806762695
752,21,752,3.1506519317626953
459,2,459,4.281812906265259
1408,16,1408,3.7840001583099365
3127,16,3127,4.498490571975708
2762,18,2762,3.9611074924468994
937,10,937,3.0281524658203125
1755,10,1755,2.8557357788085938
1257,10,1257,3.46732759475708
3472,22,3472,3.7711451053619385
1198,29,1198,3.46663236618042
2692,17,2692,3.261864185333252
4956,8,4956,3.577219009399414
252,4,252,4.899612903594971
710,15,710,3.965116500854492
13980,8,13980,5.417457342147827
2424,19,2424,5.428317308425903
1710,19,1710,3.07619309425354
242,3,242,4.487310886383057
2170,18,2170,5.457583904266357
1468,21,1468,4.255831241607666
4883,22,4883,5.657452344894409
2355,10,2355,5.967885732650757
4666,16,4666,5.84037184715271
1607,21,1607,4.016483783721924
1699,18,1699,3.8494033813476562
1034,11,1034,3.8940043449401855
8931,14,8931,5.689746379852295
681,6,681,4.513331890106201
1966,16,1966,6.566044330596924
2261,33,2261,3.7976465225219727
1316,17,1316,4.418976783752441
289,7,289,2.3544788360595703
4638,20,4638,4.8836493492126465
681,11,681,2.9903550148010254
450,2,450,3.0097908973693848
578,29,578,4.102307081222534
1951,17,1951,4.156786203384399
1574,16,1574,3.5114660263061523
1279,11,1279,4.353302001953125
603,7,603,4.80346417427063
3244,9,3244,3.4361984729766846
879,16,879,4.510881662368774
1140,14,1140,3.285238027572632
622,15,622,4.2199201583862305
2019,32,2019,3.3866312503814697
2036,31,2036,3.867932081222534
1156,22,1156,3.5310704708099365
1457,12,1457,2.9435319900512695
2904,12,2904,4.8942787647247314
5833,22,5833,4.583070755004883
1087,15,1087,3.8204195499420166
4143,20,4143,5.235061168670654
603,16,603,3.172962188720703
2358,20,2358,6.003228664398193
2756,4,2756,4.088412284851074
4508,25,4508,4.3166608810424805
2014,5,2014,4.249274730682373
714,13,714,2.9756882190704346
2438,31,2438,4.294478893280029
296,9,296,3.7049853801727295
1431,25,1431,3.9935202598571777
661,11,661,2.6125102043151855
3691,34,3691,5.556629419326782
1579,16,1579,3.441781759262085
997,19,997,3.4435181617736816
866,17,866,3.947462320327759
2555,23,2555,5.460232257843018
584,8,584,3.6478452682495117
908,21,908,3.4177582263946533
2472,8,2472,3.3877997398376465
1225,5,1225,4.703289270401001
2758,20,2758,4.546116352081299
806,3,806,4.600757122039795
2639,5,2639,4.2112135887146
1194,6,1194,3.675384759902954
686,21,686,3.8689217567443848
329,14,329,4.143902063369751
499,6,499,3.93574857711792
2002,23,2002,4.898512363433838
1366,11,1366,5.463069677352905
328,10,328,3.092679262161255
1972,6,1972,4.011420965194702
2885,6,2885,4.335669040679932
3978,9,3978,3.865004777908325
1481,14,1481,4.573206186294556
833,17,833,4.009921312332153
431,5,431,3.4295949935913086
4032,26,4032,3.299311876296997
169,5,169,4.6279377937316895
885,15,885,3.702012538909912
3356,21,3356,5.67816948890686
754,5,754,4.65492844581604
969,14,969,4.286909818649292
1849,16,1849,3.5800046920776367
854,10,854,3.8961830139160156
1105,9,1105,2.9637413024902344
1757,13,1757,5.326722860336304
4105,28,4105,3.325066089630127
2048,28,2048,4.435447692871094
876,13,876,3.7445459365844727
3438,20,3438,3.2729299068450928
287,6,287,4.082256317138672
1160,29,1160,3.1172566413879395
887,16,887,3.4511356353759766
503,17,503,6.225261449813843
4944,22,4944,4.5375707149505615
1605,8,1605,3.115926742553711
1553,21,1553,2.2877750396728516
1288,14,1288,4.280281066894531
906,18,906,3.3954975605010986
369,7,369,3.3242876529693604
2291,22,2291,2.8850085735321045
2276,18,2276,3.036008596420288
1693,9,1693,4.3886706829071045
1863,18,1863,4.942948341369629
714,13,714,3.5554933547973633
1079,11,1079,5.215437173843384
3969,12,3969,2.4833006858825684
619,5,619,2.861931562423706
827,27,827,3.2792232036590576
247,2,247,3.6156773567199707
2198,22,2198,6.043765306472778
3469,3,3469,2.9836325645446777
1621,15,1621,2.7997219562530518
1010,21,1010,3.8036818504333496
413,17,413,4.262070894241333
1158,25,1158,3.730762004852295
1659,19,1659,4.609895467758179
168,8,168,2.4780025482177734
562,6,562,4.000340700149536
1500,20,1500,4.8000171184539795
1251,8,1251,3.7034733295440674
1728,5,1728,4.234596252441406
230,13,230,3.869856357574463
560,15,560,4.779555559158325
6969,36,6969,4.505721807479858
3418,20,3418,3.3017945289611816
1959,21,1959,4.763783931732178
129,6,129,3.1207969188690186
1249,6,1249,3.780146360397339
699,15,699,3.7898247241973877
1876,15,1876,4.209134578704834
2506,12,2506,3.259121894836426
1465,13,1465,2.9254889488220215
1445,13,1445,5.028997898101807
512,11,512,6.543605804443359
4091,27,4091,3.9282848834991455
805,16,805,4.071568250656128
1724,30,1724,4.132340908050537
1795,19,1795,6.579370498657227
2376,23,2376,4.272756576538086
1581,26,1581,4.765135049819946
2889,16,2889,4.480488061904907
501,13,501,3.048814296722412
914,9,914,4.536856651306152
771,12,771,5.001831293106079
707,21,707,4.45976185798645
1024,10,1024,6.302976369857788
530,8,530,4.004091501235962
603,26,603,2.8488292694091797
1025,19,1025,4.066112518310547
4169,23,4169,3.8953511714935303
794,8,794,3.371452808380127
173,2,173,3.8339006900787354
2683,20,2683,2.712390899658203
552,12,552,2.72131609916687
2100,27,2100,3.9011709690093994
3597,6,3597,4.190876722335815
574,10,574,4.542429208755493
4378,20,4378,3.9342477321624756
2928,11,2928,3.0780839920043945
3987,19,3987,3.6767842769622803
281,3,281,4.174886226654053
2480,10,2480,2.5181407928466797
4115,5,4115,2.8379786014556885
675,12,675,3.866353988647461
1655,14,1655,3.129936695098877
350,8,350,4.322571516036987
352,6,352,3.8656673431396484
532,14,532,4.767891883850098
2640,24,2640,4.3485376834869385
961,25,961,4.111795425415039
6535,20,6535,3.871847152709961
756,14,756,5.139528512954712
767,16,767,3.8560264110565186
3209,17,3209,5.490582466125488
6124,23,6124,5.43001389503479
2840,20,2840,4.5680766105651855
2032,14,2032,4.1719183921813965
1733,11,1733,5.5071330070495605
5793,24,5793,5.746891975402832
626,24,626,2.9145586490631104
3169,20,3169,4.7443015575408936
754,6,754,4.2038655281066895
3552,17,3552,5.9267966747283936
5488,9,5488,4.126480579376221
2514,8,2514,3.4924232959747314
921,6,921,4.6934754848480225
1708,13,1708,4.168004512786865
283,9,283,4.904831647872925
1538,20,1538,2.7240965366363525
224,16,224,3.2029993534088135
5960,17,5960,3.791856050491333
1982,15,1982,2.682948112487793
3983,37,3983,4.809182167053223
879,13,879,3.90960955619812
8719,20,8719,4.421830177307129
719,3,719,6.331129312515259
2409,30,2409,3.7574422359466553
936,12,936,2.947463035583496
1106,20,1106,4.196742534637451
1316,26,1316,3.8497557640075684
1811,9,1811,5.522165775299072
532,10,532,3.055851697921753
4606,24,4606,4.549160718917847
3345,19,3345,3.8324601650238037
480,3,480,4.326783180236816
1189,11,1189,2.1946892738342285
1076,23,1076,3.865647554397583
3784,15,3784,4.229374885559082
505,12,505,5.907783269882202
1894,17,1894,2.7134976387023926
370,2,370,4.075317859649658
558,12,558,3.2330665588378906
3103,34,3103,4.714269399642944
1027,31,1027,4.334912061691284
1008,14,1008,3.4706509113311768
3140,26,3140,4.107573509216309
1415,9,1415,4.1286211013793945
7271,14,7271,4.111173868179321
2977,8,2977,5.652126312255859
1987,14,1987,3.88635516166687
4596,38,4596,3.789402723312378
779,9,779,4.337066173553467
2125,23,2125,4.361942291259766
511,13,511,4.276676654815674
683,23,683,3.4225409030914307
650,9,650,4.4035563468933105
1796,19,1796,4.0069475173950195
344,11,344,3.301515817642212
1108,34,1108,4.10776686668396
1219,6,1219,4.091562509536743
4095,22,4095,4.011277675628662
1833,6,1833,5.422726392745972
2149,7,2149,3.9541919231414795
3384,20,3384,4.411525011062622
1311,7,1311,3.6343791484832764
2221,18,2221,3.70527982711792
4374,7,4374,4.411411285400391
878,5,878,4.117956876754761
2759,28,2759,5.32480525970459
871,11,871,3.7646567821502686
3348,18,3348,3.0872411727905273
1924,10,1924,3.9982006549835205
757,11,757,3.7239346504211426
304,30,304,3.928989887237549
311,3,311,4.053661108016968
323,23,323,4.636350870132446
322,9,322,4.505122423171997
440,11,440,3.371032238006592
2455,20,2455,4.585983753204346
435,6,435,4.457575798034668
2312,6,2312,3.718756914138794
764,22,764,4.109133958816528
1244,3,1244,4.308573246002197
2043,33,2043,4.603039026260376
3847,37,3847,4.831600904464722
1139,18,1139,3.7127044200897217
818,10,818,3.687786340713501
3719,10,3719,4.454255104064941
211,2,211,3.4607412815093994
1500,11,1500,3.3453783988952637
740,16,740,4.3252503871917725
2232,28,2232,3.1314806938171387
293,2,293,3.6168224811553955
642,7,642,4.4111998081207275
1306,21,1306,3.9754655361175537
987,17,987,2.9387879371643066
1213,11,1213,6.273771286010742
856,11,856,4.593538522720337
890,13,890,4.024525165557861
242,0,242,3.9901175498962402
2081,28,2081,4.439081192016602
372,7,372,4.088149785995483
651,22,651,4.078769683837891
3725,19,3725,5.229798316955566
1181,24,1181,4.295984506607056
480,23,480,4.236163377761841
138,1,138,4.01094126701355
901,24,901,3.012188673019409
857,13,857,3.3534610271453857
2027,31,2027,4.011059284210205
638,25,638,3.634493112564087
2510,13,2510,4.194631814956665
485,15,485,2.696913003921509
179,15,179,3.4712777137756348
509,14,509,5.079358100891113
2136,19,2136,3.4379334449768066
901,10,901,3.8966894149780273
224,8,224,3.6349802017211914
3282,22,3282,4.863598585128784
6073,16,6073,5.13901424407959
1215,16,1215,4.685147285461426
1084,15,1084,2.752701759338379
1649,17,1649,5.385358810424805
991,9,991,3.931072950363159
1247,22,1247,4.423617362976074
1776,19,1776,6.073466539382935
643,10,643,3.451237201690674
2447,15,2447,4.576747179031372
2496,37,2496,4.225494384765625
235,4,235,3.859534740447998
1873,12,1873,5.407610893249512
935,13,935,3.7272872924804688
626,16,626,3.3667967319488525
642,16,642,4.263551473617554
474,5,474,4.219971179962158
2085,24,2085,4.453999996185303
6324,13,6324,3.0690131187438965
333,4,333,5.651962041854858
3782,26,3782,3.6935300827026367
1605,5,1605,3.1163330078125
3025,14,3025,3.9794118404388428
454,17,454,3.708228826522827
6341,27,6341,5.570336580276489
1163,22,1163,5.418439149856567
361,7,361,3.422671318054199
9057,31,9057,4.946327447891235
334,14,334,4.151699781417847
406,17,406,4.310138940811157
3088,36,3088,3.737661361694336
456,20,456,4.44854474067688
2264,14,2264,5.330549240112305
352,9,352,3.581941604614258
1529,9,1529,4.279928922653198
1003,23,1003,3.932469367980957
5781,36,5781,5.02803373336792
1842,26,1842,3.5836708545684814
1780,25,1780,3.9095845222473145
242,8,242,3.672607421875
1328,12,1328,5.11023473739624
381,11,381,5.029241561889648
1738,5,1738,3.6358838081359863
657,17,657,4.7335052490234375
4509,10,4509,3.9726767539978027
1238,8,1238,2.72196102142334
189,9,189,4.792635440826416
3281,18,3281,4.257150888442993
637,14,637,4.348325252532959
596,14,596,4.925030708312988
700,13,700,4.322515249252319
221,2,221,5.401526689529419
337,8,337,3.2562263011932373
2270,18,2270,4.576949834823608
587,10,587,4.091082572937012
2257,25,2257,3.574204921722412
6745,32,6745,4.938229560852051
338,10,338,4.880382537841797
2545,13,2545,3.910290479660034
1299,7,1299,3.7428572177886963
714,12,714,4.228686094284058
3394,18,3394,4.024998188018799
936,14,936,4.465392589569092
1667,8,1667,4.948936939239502
4392,29,4392,5.955229997634888
2046,25,2046,3.0545854568481445
501,27,501,3.9552786350250244
3101,12,3101,4.728682279586792
3552,20,3552,4.003983974456787
1805,4,1805,3.180326461791992
747,12,747,3.546314239501953
4094,20,4094,5.2185235023498535
1432,7,1432,4.341986417770386
4294,15,4294,2.9876890182495117
895,6,895,4.318426847457886
266,2,266,3.2190825939178467
2455,12,2455,3.7405784130096436
1527,22,1527,4.208924055099487
1488,23,1488,3.060152530670166
1404,32,1404,3.00563907623291
5527,6,5527,5.77642297744751
733,18,733,2.9170966148376465
8024,19,8024,6.229025602340698
3016,20,3016,3.8256595134735107
1705,8,1705,4.903792381286621
452,21,452,4.938272476196289
2991,11,2991,4.786515951156616
1799,20,1799,3.3314759731292725
2670,41,2670,3.9530415534973145
1951,16,1951,3.674994468688965
1929,11,1929,5.034472942352295
1038,15,1038,3.000418186187744
371,4,371,3.1671180725097656
217,4,217,4.082454442977905
381,6,381,4.980426073074341
4895,32,4895,5.996083498001099
324,4,324,4.059755802154541
3104,17,3104,3.9328248500823975
951,13,951,2.872337818145752
618,6,618,5.562319278717041
2656,40,2656,4.599399089813232
3793,11,3793,4.344931125640869
2142,9,2142,5.416559219360352
2307,16,2307,4.56252384185791
304,11,304,3.794898509979248
1359,11,1359,4.105523347854614
252,8,252,3.5196077823638916
291,10,291,4.144495010375977
1770,17,1770,5.421984672546387
962,4,962,4.234215497970581
6267,16,6267,3.541415214538574
1248,16,1248,5.102053880691528
3131,29,3131,4.482882022857666
1918,26,1918,3.6476895809173584
279,4,279,5.171123743057251
1001,5,1001,4.201114892959595
1252,17,1252,4.306742429733276
2469,15,2469,4.510051727294922
4941,27,4941,5.120244979858398
1569,10,1569,4.524138927459717
4506,31,4506,4.196603059768677
706,8,706,3.460618257522583
1147,14,1147,5.239531517028809
1608,16,1608,4.746757745742798
3328,26,3328,3.670635223388672
1715,10,1715,4.13716459274292
1214,11,1214,3.3029422760009766
1049,4,1049,4.233508110046387
568,18,568,4.127897262573242
600,17,600,3.9323368072509766
2605,29,2605,3.584233522415161
1963,15,1963,3.6442975997924805
1287,10,1287,4.685209035873413
3328,12,3328,3.6630847454071045
1431,10,1431,4.650721549987793
120,7,120,4.029675722122192
3750,18,3750,5.839273929595947
4363,19,4363,2.648906707763672
548,16,548,3.2321040630340576
2048,14,2048,4.5956480503082275
1641,13,1641,4.037672996520996
454,9,454,5.150402545928955
1046,3,1046,4.839635610580444
440,7,440,3.412778854370117
1837,20,1837,5.267141342163086
379,10,379,3.942715644836426
1634,14,1634,3.312124013900757
1740,26,1740,3.849456548690796
788,6,788,3.3132517337799072
994,18,994,4.2944769859313965
1953,4,1953,3.19254732131958
5826,25,5826,5.052103519439697
241,1,241,3.737419605255127
427,20,427,3.4678714275360107
3926,16,3926,3.854433059692383
1854,8,1854,2.577658176422119
6011,23,6011,3.6179709434509277
2103,15,2103,3.3191328048706055
710,11,710,4.774238348007202
418,12,418,4.003165245056152
2444,15,2444,4.64990496635437
3711,13,3711,3.570554733276367
513,8,513,3.6793212890625
3293,22,3293,4.915425539016724
787,38,787,4.532537221908569
765,7,765,4.86602783203125
1066,9,1066,4.40268349647522
1392,24,1392,3.2108824253082275
330,9,330,4.023237228393555
440,1,440,4.024129390716553
486,9,486,3.971416473388672
1191,22,1191,3.6034669876098633
722,2,722,3.7676308155059814
492,8,492,5.035088300704956
766,16,766,3.740579605102539
1242,13,1242,4.147718191146851
3232,22,3232,6.283361434936523
1409,22,1409,3.9300179481506348
3084,12,3084,4.456489086151123
409,10,409,4.475308418273926
1445,11,1445,5.951179027557373
2422,9,2422,3.972966194152832
501,16,501,6.787598609924316
942,14,942,4.301151752471924
2175,12,2175,4.426156282424927
2365,16,2365,4.4466164112091064
2889,30,2889,4.321174144744873
691,3,691,3.6346585750579834
5916,26,5916,3.244626998901367
2311,20,2311,5.211172580718994
1302,9,1302,4.136202096939087
1114,33,1114,3.7608561515808105
1484,19,1484,7.144864320755005
3575,27,3575,4.26803994178772
636,20,636,5.291461944580078
4141,25,4141,3.6832549571990967
2412,25,2412,5.570073366165161
1040,11,1040,5.291481256484985
195,6,195,3.4067416191101074
908,8,908,3.1772220134735107
882,12,882,3.3338043689727783
2947,18,2947,4.895826816558838
1683,9,1683,3.3843631744384766
2408,21,2408,4.316682577133179
2172,7,2172,3.5268964767456055
1701,17,1701,3.6342039108276367
3068,13,3068,3.8054897785186768
515,12,515,3.444655656814575
381,4,381,3.5614218711853027
3179,31,3179,4.6844563484191895
2693,12,2693,5.52051854133606
5586,22,5586,4.466867446899414
651,5,651,3.6896626949310303
2503,29,2503,3.8283114433288574
2105,17,2105,3.6401212215423584
2509,17,2509,3.261528730392456
4164,24,4164,5.103169679641724
2316,9,2316,3.5283830165863037
2996,7,2996,3.887014865875244
3030,12,3030,4.022059202194214
1115,24,1115,4.080294847488403
2620,8,2620,4.132891654968262
4143,22,4143,3.6067419052124023
3496,15,3496,5.08098578453064
1213,5,1213,4.963717222213745
2339,21,2339,4.26531982421875
4870,12,4870,4.007530927658081
251,15,251,4.626450777053833
242,5,242,4.373743534088135
2037,7,2037,4.418120622634888
794,17,794,5.819801092147827
2076,5,2076,5.04616904258728
1275,10,1275,3.7564382553100586
2040,14,2040,5.58900260925293
168,5,168,3.253239154815674
736,11,736,3.9406027793884277
1757,34,1757,3.4983766078948975
1347,12,1347,3.4840292930603027
3434,21,3434,4.286296367645264
675,16,675,6.417892932891846
2379,10,2379,3.8322157859802246
1021,23,1021,3.929499387741089
1496,13,1496,3.492050886154175
689,0,689,4.461077928543091
2132,25,2132,4.7290754318237305
1141,22,1141,2.986271858215332
1493,3,1493,4.636974811553955
7220,9,7220,3.999176263809204
158,7,158,4.282876014709473
5743,22,5743,5.012449264526367
1204,6,1204,3.6478495597839355
4167,16,4167,6.706450462341309
3753,15,3753,6.1416285037994385
730,4,730,3.65887713432312
3096,25,3096,5.15913724899292
3946,10,3946,3.6492936611175537
1702,13,1702,4.329528570175171
1226,6,1226,4.327649116516113
312,17,312,3.824448585510254
191,2,191,4.871829986572266
408,11,408,3.2466821670532227
1399,15,1399,4.125610828399658
3037,22,3037,5.312707901000977
4231,27,4231,6.807826519012451
843,18,843,4.811886787414551
3606,15,3606,5.501526355743408
2809,19,2809,4.252431631088257
560,7,560,4.720427989959717
838,4,838,4.106520175933838
641,3,641,3.521362543106079
3424,14,3424,4.28209662437439
1044,10,1044,3.84967041015625
962,20,962,4.957266092300415
2370,24,2370,4.292856454849243
2576,12,2576,3.948279857635498
364,16,364,4.273456573486328
1391,21,1391,3.55945086479187
4021,18,4021,3.7038486003875732
230,17,230,3.071000576019287
1977,11,1977,4.246607303619385
2940,22,2940,3.7175395488739014
2867,41,2867,4.608341932296753
1981,26,1981,2.632697105407715
8672,7,8672,5.684670686721802
551,8,551,4.488312482833862
451,10,451,3.932894706726074
3860,31,3860,5.202330589294434
5164,12,5164,3.3187901973724365
409,4,409,4.6120545864105225
2442,2,2442,3.115600824356079
3107,19,3107,4.412243843078613
538,13,538,2.960932493209839
1342,11,1342,3.807974338531494
1557,14,1557,4.211967945098877
2024,7,2024,4.837071180343628
4136,25,4136,6.031872510910034
1636,10,1636,5.1900060176849365
1284,10,1284,4.072359323501587
5068,21,5068,5.4771728515625
3748,24,3748,4.88278603553772
3264,18,3264,4.98736310005188
871,21,871,4.666914701461792
543,17,543,6.1454339027404785
1093,4,1093,4.134560823440552
1936,15,1936,3.242967128753662
2302,18,2302,2.7125589847564697
1366,16,1366,4.306482791900635
1853,34,1853,3.210503101348877
601,17,601,3.9832890033721924
4524,22,4524,5.166107416152954
2212,9,2212,5.200491428375244
808,15,808,4.857312440872192
6645,16,6645,3.8208065032958984
4313,4,4313,4.503453016281128
1138,6,1138,4.252834796905518
1154,6,1154,4.701789617538452
832,7,832,3.6880955696105957
3439,15,3439,4.426203012466431
1112,7,1112,5.557610988616943
378,2,378,3.2684805393218994
887,27,887,3.175628185272217
874,15,874,2.7302606105804443
399,14,399,4.482307434082031
1508,16,1508,4.52319598197937
1403,12,1403,4.552020311355591
1264,18,1264,4.3571248054504395
1206,19,1206,3.762110710144043
810,7,810,4.299184322357178
1680,9,1680,4.260202646255493
1510,25,1510,4.958700180053711
387,13,387,3.3526363372802734
2998,24,2998,5.414755344390869
2252,11,2252,3.3851490020751953
1231,7,1231,3.5521230697631836
3103,10,3103,4.930435657501221
3315,13,3315,5.154889345169067
806,9,806,3.7670390605926514
2334,25,2334,4.27744197845459
5164,15,5164,4.735755920410156
78,6,78,3.066704750061035
3222,24,3222,4.539763450622559
327,4,327,3.2911858558654785
4935,37,4935,5.975546836853027
4861,31,4861,3.651942491531372
1103,14,1103,4.211680173873901
681,14,681,3.5628929138183594
1783,42,1783,3.01588773727417
742,11,742,6.2410032749176025
481,2,481,3.396000385284424
464,2,464,4.42519474029541
904,15,904,3.6179139614105225
277,8,277,4.1193249225616455
535,21,535,4.15798020362854
267,3,267,5.779862642288208
1189,2,1189,4.260269403457642
1624,10,1624,3.8543028831481934
539,15,539,2.657970428466797
2209,5,2209,4.903914213180542
4263,36,4263,3.8512179851531982
2684,14,2684,3.612034797668457
671,4,671,2.651247262954712
569,12,569,5.135542631149292
1722,24,1722,3.540846824645996
2098,21,2098,3.6214566230773926
2090,28,2090,6.440606117248535
1349,11,1349,3.6938297748565674
2867,9,2867,4.886637926101685
1401,9,1401,5.034628629684448
1729,20,1729,4.929073333740234
1536,26,1536,4.213838338851929
187,15,187,3.8629050254821777
408,3,408,4.4489827156066895
1491,12,1491,3.1428844928741455
1631,10,1631,4.311857223510742
811,5,811,4.326056957244873
1463,23,1463,3.8562567234039307
497,7,497,3.305248975753784
466,20,466,5.736212491989136
2611,26,2611,5.295957803726196
2026,41,2026,3.255845308303833
1917,25,1917,3.296633243560791
1117,5,1117,4.167505502700806
629,9,629,3.657231330871582
2833,24,2833,3.5242929458618164
1080,28,1080,5.356707811355591
1046,19,1046,4.147371768951416
3651,25,3651,5.368669033050537
3779,32,3779,4.910696983337402
1347,24,1347,6.000131368637085
1199,20,1199,2.828848123550415
2687,14,2687,3.3934404850006104
597,10,597,2.7459113597869873
3025,8,3025,3.2495510578155518
5315,19,5315,4.061168193817139
562,14,562,4.712052345275879
826,8,826,6.050358057022095
499,9,499,5.628389835357666
959,24,959,4.480700254440308
1082,21,1082,3.0562665462493896
786,9,786,2.4529800415039062
371,10,371,2.790923833847046
300,15,300,3.9963769912719727
722,10,722,2.846137762069702
1064,6,1064,3.9690229892730713
668,5,668,4.5909600257873535
2097,13,2097,3.8728904724121094
1226,18,1226,5.130290269851685
3488,2,3488,5.461591005325317
1973,26,1973,3.4884085655212402
880,9,880,4.60444188117981
1867,15,1867,4.990072727203369
525,13,525,5.833340883255005
2922,27,2922,5.245348930358887
2588,11,2588,3.67218279838562
1385,10,1385,5.4529969692230225
785,19,785,3.81684947013855
1545,30,1545,4.3185715675354
4053,19,4053,4.704714775085449
3489,38,3489,4.707067966461182
1995,23,1995,5.445913791656494
2956,16,2956,3.9050886631011963
1103,17,1103,5.435533046722412
164,9,164,3.6097183227539062
539,8,539,5.291002511978149
5379,16,5379,4.947886943817139
1581,12,1581,3.521472454071045
2910,10,2910,4.1418375968933105
928,8,928,2.888134002685547
1594,22,1594,5.237698078155518
1591,27,1591,3.564422130584717
1386,8,1386,4.4328484535217285
1541,6,1541,3.9711177349090576
1023,15,1023,3.656956434249878
731,19,731,3.845500946044922
1660,24,1660,4.664148569107056
418,9,418,3.469405174255371
1633,12,1633,4.351922512054443
537,3,537,4.84748649597168
672,6,672,4.427416086196899
2273,8,2273,3.0758559703826904
642,6,642,5.120320558547974
162,1,162,3.1857078075408936
1238,15,1238,4.855088949203491
2510,18,2510,4.591879844665527
3749,23,3749,4.8008201122283936
867,7,867,4.0940656661987305
1547,12,1547,3.6399619579315186
664,18,664,2.7544546127319336
2667,15,2667,3.8961942195892334
1568,11,1568,4.667428970336914
3038,24,3038,3.3280110359191895
10871,19,10871,4.891545534133911
460,9,460,6.079105615615845
933,23,933,2.2692198753356934
1351,3,1351,5.162767171859741
1322,20,1322,5.108018398284912
1464,9,1464,3.7260162830352783
1526,7,1526,5.3705668449401855
4077,49,4077,5.134268760681152
2867,6,2867,3.0261805057525635
1773,3,1773,4.920074939727783
1280,20,1280,3.6568942070007324
1229,6,1229,4.164942741394043
929,5,929,3.0382118225097656
5479,13,5479,3.348931312561035
1430,14,1430,3.839064121246338
3620,31,3620,4.661192893981934
3588,19,3588,6.770525932312012
3168,24,3168,4.857061862945557
2419,12,2419,4.7326133251190186
1131,9,1131,3.3834598064422607
1024,15,1024,3.142225503921509
1460,1,1460,4.313467025756836
736,10,736,4.021647214889526
620,3,620,3.9101791381835938
1450,13,1450,5.2306084632873535
799,17,799,4.826779842376709
1108,2,1108,3.5359554290771484
2958,24,2958,3.661693572998047
2893,16,2893,4.489519119262695
1488,24,1488,3.748361349105835
4604,14,4604,4.569490432739258
3597,17,3597,3.918114423751831
1416,18,1416,3.935009002685547
1319,18,1319,5.005674839019775
534,5,534,3.9699692726135254
3100,13,3100,4.511911630630493
495,19,495,4.815963983535767
313,7,313,3.2023048400878906
995,4,995,5.765974760055542
1063,7,1063,4.220579624176025
590,2,590,2.931227445602417
1432,20,1432,5.137553930282593
3530,22,3530,4.084073305130005
2632,11,2632,6.316052675247192
4592,17,4592,5.471189498901367
582,18,582,3.7543559074401855
482,13,482,4.070137977600098
754,13,754,3.823465585708618
4652,22,4652,3.4315292835235596
1877,21,1877,5.073387861251831
3258,25,3258,5.53001856803894
100,1,100,3.018407106399536
272,12,272,3.5952813625335693
1611,13,1611,4.379664659500122
1087,13,1087,3.503187656402588
1730,4,1730,5.833547592163086
2480,21,2480,3.6754887104034424
197,5,197,3.542835235595703
601,14,601,3.751086473464966
744,6,744,2.3476407527923584
906,8,906,6.206218242645264
2165,34,2165,4.401428461074829
2834,17,2834,5.848737478256226
1002,26,1002,3.463022232055664
3693,12,3693,4.727011680603027
2687,17,2687,3.1767358779907227
1995,14,1995,3.3483386039733887
2008,21,2008,4.556956768035889
1668,18,1668,3.5898239612579346
1918,9,1918,4.347872257232666
4282,7,4282,3.7789387702941895
772,13,772,4.396360874176025
2595,20,2595,4.90943169593811
2926,27,2926,2.9159202575683594
3356,16,3356,7.055554628372192
394,11,394,2.806062698364258
378,21,378,3.4144742488861084
1469,31,1469,4.082620620727539
243,10,243,4.304777145385742
505,20,505,4.080820083618164
4259,23,4259,4.145569086074829
2123,14,2123,5.947551012039185
422,12,422,4.6428258419036865
1085,22,1085,3.1578266620635986
1369,14,1369,3.692187547683716
932,16,932,3.1042943000793457
2270,18,2270,3.534580945968628
295,9,295,3.796332359313965
1716,9,1716,3.2923288345336914
871,10,871,4.493030071258545
1009,15,1009,3.185817003250122
1557,17,1557,3.8690388202667236
3692,18,3692,5.113481521606445
811,22,811,3.615797996520996
679,22,679,3.797327995300293
3257,17,3257,3.432767391204834
430,18,430,3.7511258125305176
1049,17,1049,3.178820848464966
1034,15,1034,3.3022639751434326
4470,17,4470,4.585118055343628
773,12,773,3.7649338245391846
2522,21,2522,4.522517919540405
1077,18,1077,3.905996084213257
596,17,596,4.3373048305511475
2191,15,2191,3.7595276832580566
523,14,523,3.8356645107269287
1825,15,1825,5.005687713623047
767,11,767,4.274996280670166
158,4,158,3.1550819873809814
1713,18,1713,4.906928062438965
1464,20,1464,5.684504747390747
459,17,459,4.36965274810791
3121,7,3121,4.548791170120239
4416,6,4416,4.555284261703491
1207,22,1207,3.912828207015991
3585,12,3585,4.034516334533691
636,13,636,2.9825022220611572
1099,24,1099,3.580155372619629
4903,22,4903,4.490879535675049
3015,20,3015,3.521583080291748
1525,22,1525,4.655425310134888
2580,21,2580,5.660979747772217
3165,22,3165,4.393069267272949
260,6,260,3.3860998153686523
1442,23,1442,3.0694150924682617
1296,17,1296,2.702410936355591
905,5,905,4.9065260887146
2580,15,2580,3.6090621948242188
2596,7,2596,3.499413013458252
5566,24,5566,5.0407874584198
5056,28,5056,4.318468332290649
2138,27,2138,4.4126434326171875
3528,23,3528,4.196165084838867
1971,21,1971,4.074899196624756
2107,9,2107,3.6168036460876465
246,7,246,4.28316330909729
997,16,997,3.434953212738037
1021,25,1021,3.8309454917907715
1694,10,1694,4.684968709945679
785,8,785,4.0872251987457275
1813,21,1813,3.733719825744629
602,32,602,3.6076653003692627
536,11,536,3.631951332092285
2874,13,2874,5.967260837554932
4239,24,4239,2.8367788791656494
1400,19,1400,3.9398787021636963
1874,18,1874,3.4160783290863037
730,1,730,3.204807996749878
185,3,185,3.152806282043457
1314,24,1314,4.1761956214904785
552,9,552,3.6465556621551514
881,23,881,2.4078996181488037
689,19,689,4.955698490142822
5812,19,5812,6.4378132820129395
157,5,157,2.7356507778167725
787,13,787,4.99584174156189
1254,17,1254,4.672522068023682
2488,21,2488,3.3755552768707275
211,13,211,3.5740513801574707
232,2,232,3.508532762527466
1145,7,1145,4.395683765411377
289,7,289,3.4286625385284424
352,7,352,3.7253901958465576
4049,6,4049,3.4241037368774414
2675,17,2675,3.128596544265747
338,19,338,3.9972426891326904
1314,13,1314,3.951185941696167
7430,10,7430,4.536850452423096
2329,10,2329,3.8394267559051514
627,25,627,4.516856670379639
2328,20,2328,4.203094482421875
737,7,737,4.966477870941162
637,1,637,3.761423110961914
184,2,184,4.229227304458618
3288,26,3288,3.7167468070983887
867,9,867,4.5920774936676025
2169,27,2169,4.431239604949951
1951,26,1951,3.787304639816284
2629,16,2629,3.5134365558624268
2020,5,2020,4.313502311706543
971,23,971,4.3078529834747314
1263,10,1263,5.921151399612427
358,8,358,3.693666696548462
3126,28,3126,4.829955816268921
735,13,735,5.076552867889404
4603,14,4603,4.020543336868286
1702,29,1702,4.929287672042847
2447,10,2447,4.054888486862183
391,9,391,2.4854180812835693
705,21,705,4.139099597930908
1764,7,1764,4.534099340438843
3909,14,3909,4.9166646003723145
674,22,674,4.667569637298584
1758,8,1758,3.6254019737243652
667,25,667,3.7686452865600586
1446,5,1446,4.872008800506592
1411,12,1411,3.537231683731079
723,15,723,4.672322988510132
1087,33,1087,2.9010071754455566
2664,22,2664,3.931382656097412
5083,16,5083,4.074920654296875
481,5,481,3.3176615238189697
2291,17,2291,4.754821300506592
1741,36,1741,5.9141504764556885
1848,30,1848,6.116330146789551
318,18,318,4.449869394302368
1437,9,1437,4.303187608718872
244,5,244,3.4948208332061768
893,7,893,2.474757194519043
1354,10,1354,4.227050304412842
768,18,768,3.7591686248779297
3809,12,3809,3.8372528553009033
2086,8,2086,3.721540689468384
2080,10,2080,3.806506395339966
5866,13,5866,6.020728826522827
1058,16,1058,3.7902586460113525
458,14,458,6.706774473190308
103,0,103,2.5654642581939697
3942,18,3942,3.789557933807373
870,12,870,3.262300968170166
1462,16,1462,5.007281541824341
1155,10,1155,2.4825589656829834
437,21,437,3.608638286590576
387,0,387,3.3183956146240234
5738,26,5738,3.8997745513916016
1114,2,1114,4.809722900390625
5827,23,5827,4.566452980041504
1683,18,1683,5.077879905700684
1098,14,1098,4.255931854248047
825,17,825,3.5347132682800293
1130,18,1130,4.180030822753906
905,12,905,3.5706565380096436
3267,30,3267,4.718267440795898
1057,20,1057,4.873851776123047
629,9,629,4.40581750869751
1728,19,1728,3.959517478942871
6242,13,6242,5.28467583656311
2718,20,2718,4.929893255233765
712,14,712,3.8985745906829834
4601,42,4601,4.413294076919556
1147,4,1147,3.3775956630706787
6125,28,6125,3.5977632999420166
1432,11,1432,5.704397678375244
580,5,580,3.3590450286865234
1628,11,1628,3.3452911376953125
507,9,507,3.46624493598938
381,12,381,3.59946346282959
1247,18,1247,5.192650079727173
2406,28,2406,4.898339748382568
1660,19,1660,4.3645288944244385
423,7,423,4.865176677703857
1788,6,1788,2.894031524658203
760,13,760,3.84546160697937
1552,24,1552,4.204926013946533
2955,17,2955,3.4512267112731934
2721,19,2721,4.669411659240723
1040,4,1040,3.5263068675994873
668,36,668,2.908220052719116
401,6,401,3.754547595977783
7034,23,7034,4.333028793334961
868,25,868,3.6320700645446777
455,13,455,4.343927621841431
1201,33,1201,3.8607966899871826
5691,25,5691,8.497038125991821
437,17,437,3.9945719242095947
4615,17,4615,4.532312631607056
575,10,575,3.9755945205688477
404,12,404,4.56128191947937
1991,19,1991,5.3371641635894775
1180,17,1180,4.207630634307861
698,7,698,4.362323760986328
1780,22,1780,5.6070876121521
10435,31,10435,4.320638179779053
752,11,752,6.156745672225952
893,7,893,4.081768751144409
1485,18,1485,4.953326225280762
1026,3,1026,3.252415657043457
2003,21,2003,3.3651046752929688
3329,33,3329,4.203213453292847
939,24,939,3.668240785598755
889,20,889,3.25637149810791
990,21,990,4.650961637496948
5152,13,5152,4.818164825439453
1764,12,1764,2.906177282333374
564,17,564,4.031293869018555
3642,23,3642,4.852443218231201
1133,19,1133,4.357441425323486
3095,22,3095,4.145865440368652
483,15,483,5.430691957473755
356,6,356,4.210878610610962
2387,23,2387,5.035935640335083
473,7,473,4.698197364807129
4924,27,4924,4.023286819458008
2087,13,2087,3.8122198581695557
3408,9,3408,4.268133640289307
1108,18,1108,4.730418682098389
3230,22,3230,4.084855794906616
1245,19,1245,3.640848159790039
636,5,636,4.432574510574341
149,0,149,3.0399770736694336
2346,11,2346,5.482709646224976
2955,23,2955,4.460532903671265
370,4,370,5.461618900299072
3614,23,3614,5.209915637969971
1461,29,1461,3.8461835384368896
1752,22,1752,3.4917490482330322
1246,18,1246,4.1649487018585205
874,5,874,2.968843698501587
948,17,948,2.5122945308685303
736,12,736,4.33225417137146
2510,10,2510,3.130194902420044
784,15,784,5.21650767326355
2686,33,2686,4.169238328933716
715,5,715,3.983494520187378
360,1,360,3.599004030227661
1247,24,1247,4.31557035446167
1013,8,1013,3.0763421058654785
964,6,964,3.0941662788391113
891,7,891,3.9788992404937744
512,12,512,4.689718961715698
1521,23,1521,3.247623920440674
2202,17,2202,5.04796028137207
685,5,685,3.916595458984375
239,40,239,4.129768371582031
2103,17,2103,5.141317129135132
1886,15,1886,5.021895885467529
397,12,397,4.396032333374023
2765,6,2765,4.787282943725586
922,17,922,3.6746902465820312
424,24,424,3.079252243041992
816,10,816,4.121595144271851
2231,24,2231,3.6726250648498535
563,5,563,3.557570219039917
2414,4,2414,3.373826026916504
580,6,580,3.622631311416626
2614,24,2614,5.031779527664185
1068,15,1068,2.535191059112549
592,5,592,5.158599615097046
1452,23,1452,4.5538551807403564
2141,25,2141,4.162834167480469
860,22,860,6.2594568729400635
3452,11,3452,3.1668403148651123
1343,18,1343,3.197589874267578
811,13,811,4.801856756210327
2700,24,2700,4.474291563034058
1618,10,1618,3.148205041885376
311,17,311,4.20579981803894
1874,16,1874,4.776393413543701
1131,12,1131,5.1445183753967285
4604,31,4604,5.683927774429321
2212,18,2212,4.553879737854004
1034,22,1034,5.00611424446106
3049,21,3049,5.00347638130188
3244,30,3244,4.175854444503784
976,9,976,3.535733222961426
692,3,692,3.915194511413574
2635,12,2635,3.595850706100464
933,28,933,4.716052532196045
2912,23,2912,3.043004274368286
899,8,899,4.64169979095459
925,9,925,3.2701401710510254
2847,19,2847,4.830010175704956
1690,20,1690,4.163661003112793
2485,26,2485,3.7652337551116943
417,7,417,3.235175609588623
283,8,283,7.944440603256226
9082,34,9082,5.631230592727661
805,7,805,3.216722011566162
2139,10,2139,3.4047653675079346
924,14,924,3.220313787460327
2052,14,2052,5.131314754486084
1768,14,1768,4.447130441665649
1381,11,1381,4.482107400894165
5186,17,5186,4.31999945640564
1621,18,1621,5.629098176956177
221,8,221,3.914464235305786
3696,17,3696,2.7124876976013184
4752,30,4752,5.855129718780518
1040,32,1040,4.048250198364258
777,18,777,2.80076265335083
4679,21,4679,4.2330546379089355
2810,14,2810,3.9467110633850098
1636,5,1636,4.43115496635437
1445,20,1445,3.96804141998291
188,7,188,5.029815435409546
1533,17,1533,3.95369815826416
2982,20,2982,4.249845027923584
5005,8,5005,4.534443140029907
1166,10,1166,2.7396109104156494
221,1,221,3.1591269969940186
5241,19,5241,2.9874703884124756
1466,25,1466,4.159700632095337
473,19,473,4.326245546340942
1479,6,1479,3.1858537197113037
1470,21,1470,4.264782428741455
899,7,899,4.098667144775391
2074,7,2074,4.2750749588012695
366,14,366,5.700162410736084
1089,9,1089,3.590421199798584
947,13,947,4.0773186683654785
2798,14,2798,5.3937554359436035
3876,16,3876,6.184887409210205
339,10,339,5.868427515029907
6800,22,6800,4.821717023849487
2161,4,2161,3.3058600425720215
444,3,444,4.1283323764801025
586,4,586,3.834799289703369
648,26,648,5.137826919555664
579,10,579,4.253697156906128
1723,12,1723,3.4720098972320557
1861,16,1861,5.827304124832153
1866,16,1866,5.000656843185425
1416,31,1416,3.3567726612091064
164,4,164,3.9157676696777344
1265,22,1265,3.5805041790008545
642,5,642,2.969186305999756
2245,17,2245,3.0217678546905518
2285,14,2285,4.729848384857178
2530,23,2530,2.865443468093872
687,12,687,3.7110209465026855
711,10,711,2.9356937408447266
2246,33,2246,4.061577320098877
3470,15,3470,4.992084503173828
351,8,351,4.284079551696777
302,12,302,4.091933012008667
1348,14,1348,3.1350924968719482
5195,15,5195,3.983788013458252
801,21,801,5.363979816436768
308,19,308,3.5332090854644775
2934,15,2934,3.7811763286590576
2626,24,2626,4.301953554153442
6118,17,6118,7.119436979293823
1829,10,1829,3.873950481414795
1631,17,1631,4.796275854110718
1104,23,1104,4.249881744384766
2800,16,2800,3.3307197093963623
1376,16,1376,3.2160143852233887
4214,21,4214,4.810128688812256
1286,22,1286,3.803785800933838
1795,17,1795,5.67394495010376
1033,11,1033,4.054111957550049
774,31,774,2.6795907020568848
1695,8,1695,4.076231956481934
373,15,373,3.523650646209717
621,10,621,4.437861680984497
1722,7,1722,5.30411171913147
4191,30,4191,4.6619343757629395
6879,15,6879,4.3204076290130615
404,18,404,3.7932021617889404
884,36,884,4.5154218673706055
4672,18,4672,4.986410140991211
722,5,722,2.9147398471832275
433,7,433,5.974693536758423
288,2,288,4.841306209564209
2140,6,2140,4.294422388076782
1373,18,1373,4.473905324935913
1116,13,1116,3.9381046295166016
313,10,313,3.622619390487671
426,12,426,5.018902778625488
603,20,603,4.658236980438232
1897,27,1897,4.1689534187316895
796,12,796,4.648526906967163
1132,10,1132,3.7582874298095703
2506,26,2506,3.996649980545044
1391,11,1391,3.445211172103882
612,6,612,4.631563425064087
1937,30,1937,2.938619613647461
536,8,536,4.710008144378662
2007,31,2007,6.1474549770355225
4086,17,4086,4.083761692047119
2713,31,2713,4.877862453460693
1767,12,1767,5.05643892288208
2439,12,2439,3.3536088466644287
681,9,681,5.332169532775879
3066,28,3066,5.082648038864136
2380,13,2380,4.757581472396851
3425,28,3425,4.591187953948975
3616,20,3616,3.6835436820983887
2210,31,2210,3.9189469814300537
721,27,721,3.4059512615203857
3535,24,3535,4.108391284942627
1308,5,1308,4.617844104766846
2134,21,2134,4.094927787780762
1395,16,1395,4.34572958946228
3034,17,3034,5.102997779846191
587,10,587,4.826692819595337
1805,15,1805,3.1035943031311035
7695,16,7695,5.972446918487549
790,13,790,4.387258768081665
181,14,181,2.863469123840332
625,7,625,4.856997489929199
1393,12,1393,2.9004745483398438
724,8,724,4.366637468338013
2201,23,2201,3.8753883838653564
5893,15,5893,4.29270339012146
691,14,691,2.19761061668396
1860,16,1860,3.7201027870178223
2269,4,2269,3.8533856868743896
2417,13,2417,3.8587381839752197
2779,27,2779,3.791654348373413
1656,11,1656,2.730949878692627
838,12,838,3.779510736465454
1042,16,1042,2.9238693714141846
2545,26,2545,4.32134747505188
2830,17,2830,5.614541292190552
890,14,890,4.749893426895142
2630,19,2630,3.740638017654419
397,6,397,4.4574034214019775
5264,14,5264,3.6239688396453857
4035,17,4035,4.139717102050781
3626,28,3626,4.910642147064209
2711,14,2711,4.966843366622925
2130,31,2130,4.999727010726929
4679,24,4679,3.230787992477417
319,11,319,3.471292495727539
896,8,896,2.9263126850128174
658,28,658,3.7950124740600586
2472,17,2472,4.46091103553772
360,5,360,3.7311999797821045
1695,24,1695,4.496309518814087
1874,13,1874,3.1786370277404785
5621,34,5621,5.752390623092651
1687,4,1687,5.186678171157837
2523,7,2523,5.3987510204315186
144,4,144,3.946460723876953
292,2,292,3.4293553829193115
830,7,830,3.5825750827789307
269,15,269,4.7100279331207275
5230,19,5230,4.349655866622925
5734,18,5734,4.686864614486694
2700,12,2700,2.77113676071167
5207,16,5207,4.325289011001587
1545,17,1545,2.9956085681915283
3991,22,3991,4.404602766036987
567,10,567,2.8387067317962646
3488,21,3488,3.069784164428711
3487,30,3487,4.2768940925598145
1995,20,1995,2.879497766494751
4897,13,4897,4.217209815979004
994,17,994,4.32209849357605
1363,27,1363,4.781767845153809
942,12,942,3.6661601066589355
627,16,627,3.973318576812744
3325,8,3325,4.192898988723755
445,19,445,3.500354766845703
1858,27,1858,4.010966539382935
447,13,447,3.409966468811035
477,17,477,5.594383716583252
1668,8,1668,4.176284313201904
1254,15,1254,2.8159708976745605
1004,16,1004,3.7169013023376465
398,6,398,3.993744134902954
429,6,429,3.451366901397705
932,4,932,3.8514456748962402
2413,9,2413,5.610892295837402
1636,19,1636,4.7253968715667725
1191,16,1191,3.7366652488708496
3251,18,3251,4.034838438034058
3268,12,3268,5.254641056060791
205,0,205,3.888660192489624
764,7,764,3.1778581142425537
178,5,178,4.422483682632446
1123,26,1123,4.080785512924194
4039,42,4039,4.376065492630005
2471,24,2471,5.512317895889282
542,25,542,4.017906188964844
2442,5,2442,4.262192249298096
8304,17,8304,4.9493489265441895
2144,15,2144,4.058299779891968
2254,17,2254,5.2873640060424805
1998,20,1998,2.7380928993225098
1794,27,1794,4.880564212799072
2086,24,2086,4.464635610580444
2258,19,2258,4.2925286293029785
940,16,940,3.3715293407440186
1751,7,1751,4.090835332870483
1101,7,1101,5.87606406211853
937,28,937,2.9172182083129883
1173,19,1173,3.4569907188415527
416,32,416,3.352729558944702
802,25,802,2.764523983001709
3551,19,3551,3.4080679416656494
4008,27,4008,4.299087047576904
866,20,866,4.486201524734497
5244,12,5244,3.1434662342071533
1220,21,1220,3.650800943374634
455,15,455,3.464312791824341
3349,20,3349,4.881184816360474
1129,19,1129,3.35688853263855
338,11,338,5.5167529582977295
1997,19,1997,3.4665703773498535
5919,19,5919,6.295231819152832
765,8,765,3.9437055587768555
2008,13,2008,2.494447946548462
482,17,482,3.6936757564544678
649,15,649,4.624938249588013
4101,15,4101,3.3194990158081055
733,0,733,5.188754081726074
2005,9,2005,3.4472618103027344
1078,13,1078,3.5772600173950195
1588,16,1588,3.703582286834717
1843,17,1843,3.5024797916412354
1463,16,1463,3.994391441345215
2295,10,2295,3.1154136657714844
238,10,238,2.6605825424194336
677,16,677,4.034624338150024
3510,11,3510,5.056521892547607
980,18,980,3.196622133255005
2972,9,2972,4.553240537643433
645,8,645,2.7477011680603027
3746,24,3746,4.771070241928101
923,13,923,4.748927593231201
969,19,969,4.242045879364014
2121,28,2121,4.766307592391968
881,22,881,4.004438877105713
290,25,290,4.017912864685059
301,4,301,4.2967939376831055
582,20,582,3.062448740005493
1461,3,1461,3.7147746086120605
858,31,858,5.221876382827759
6205,14,6205,3.0284464359283447
2667,7,2667,2.7131197452545166
2063,13,2063,3.860069513320923
2840,14,2840,3.476208209991455
2092,18,2092,4.5028440952301025
6688,18,6688,4.651377439498901
2689,12,2689,3.518489360809326
1960,10,1960,4.0719313621521
820,16,820,4.401779413223267
2642,32,2642,5.540091276168823
3097,9,3097,3.227095127105713
278,24,278,3.665578842163086
326,4,326,3.101543426513672
4382,33,4382,6.540577411651611
239,18,239,3.5175094604492188
645,8,645,2.592245101928711
238,12,238,3.5546934604644775
1213,16,1213,3.746166229248047
2437,9,2437,6.574325323104858
3256,9,3256,3.06661057472229
218,11,218,3.1108853816986084
354,8,354,2.8836605548858643
1809,8,1809,2.654270887374878
668,13,668,4.288268327713013
2677,12,2677,2.9768359661102295
328,14,328,4.93126654624939
1018,16,1018,3.697723150253296
1221,15,1221,4.4260053634643555
1416,14,1416,5.289714097976685
3106,23,3106,4.223308801651001
2287,15,2287,4.151295185089111
1467,31,1467,2.947889566421509
1302,14,1302,4.836804389953613
426,13,426,4.11591100692749
672,10,672,4.606550216674805
2750,37,2750,4.869539022445679
497,12,497,3.1889874935150146
1046,22,1046,4.01116943359375
1553,4,1553,3.690133810043335
1304,11,1304,2.197573661804199
3417,20,3417,4.128441572189331
923,11,923,3.2674238681793213
1316,22,1316,4.464027404785156
950,22,950,5.5544047355651855
2790,28,2790,4.740303993225098
2254,17,2254,4.1619226932525635
5048,33,5048,5.289961338043213
1320,6,1320,4.0035717487335205
1477,16,1477,4.010637283325195
858,11,858,4.19524884223938
4207,32,4207,3.432725191116333
1757,8,1757,4.1800758838653564
1485,20,1485,4.863362550735474
1129,32,1129,3.153876781463623
2482,24,2482,4.341015577316284
6826,21,6826,5.928825616836548
691,11,691,3.4972152709960938
3646,7,3646,3.6518800258636475
841,11,841,5.049604892730713
333,9,333,4.100068092346191
382,14,382,4.623359203338623
3004,16,3004,3.901179313659668
431,7,431,4.129904270172119
295,9,295,4.560677766799927
2207,5,2207,3.9214084148406982
740,5,740,4.192675590515137
1585,5,1585,3.2772858142852783
479,10,479,4.480888366699219
3966,16,3966,3.1046197414398193
2585,9,2585,4.34808874130249
1965,37,1965,3.8713271617889404
307,13,307,5.50954270362854
339,17,339,4.405995607376099
248,6,248,3.0590124130249023
1986,4,1986,5.178176641464233
3105,26,3105,5.409116268157959
366,8,366,4.09036111831665
2039,31,2039,4.059558153152466
1066,5,1066,3.967379331588745
930,21,930,3.874271869659424
371,16,371,3.0102531909942627
548,4,548,3.0662291049957275
250,13,250,3.827785015106201
2013,10,2013,4.815610885620117
923,20,923,3.156947135925293
544,6,544,3.005666971206665
1605,7,1605,4.333157777786255
1616,19,1616,4.917821407318115
659,11,659,3.3362224102020264
1271,21,1271,3.121056318283081
400,16,400,2.632484197616577
771,7,771,4.681616306304932
350,13,350,4.893297433853149
312,4,312,5.704668045043945
3240,18,3240,5.74515438079834
3112,22,3112,3.4019381999969482
461,28,461,2.8406362533569336
248,4,248,3.448857069015503
1695,9,1695,3.923692226409912
1765,15,1765,4.361296653747559
344,6,344,4.423946857452393
826,11,826,4.261754035949707
707,8,707,3.7916226387023926
630,19,630,4.184874534606934
320,24,320,2.6261661052703857
1192,13,1192,3.0545382499694824
1740,19,1740,3.7502336502075195
1771,23,1771,5.430774688720703
652,8,652,5.470759630203247
2046,17,2046,3.863391637802124
1273,9,1273,4.036531925201416
620,16,620,4.087012767791748
874,15,874,3.277139186859131
4824,29,4824,4.669112205505371
567,7,567,5.03295373916626
759,21,759,6.321598291397095
3425,21,3425,4.155675411224365
1655,13,1655,3.908085346221924
605,5,605,3.416783571243286
1100,11,1100,6.080195188522339
403,9,403,3.720630407333374
698,10,698,4.432711839675903
1097,19,1097,3.830489158630371
2887,33,2887,5.042263746261597
6384,18,6384,4.33172869682312
710,12,710,5.721803665161133
2959,11,2959,3.4120571613311768
571,11,571,4.476407527923584
2256,22,2256,3.666588544845581
693,21,693,3.2675774097442627
3830,18,3830,3.706697702407837
722,14,722,3.6349174976348877
441,17,441,3.8972883224487305
2874,9,2874,5.023221492767334
1340,10,1340,6.111249208450317
3886,21,3886,3.767570734024048
910,7,910,3.3733372688293457
3990,13,3990,4.8608057498931885
1986,20,1986,4.373140811920166
2029,16,2029,5.558771371841431
2762,20,2762,3.630972146987915
2224,21,2224,5.0557379722595215
579,9,579,4.38863730430603
2260,12,2260,5.495345830917358
2136,26,2136,4.931954383850098
525,7,525,4.8937389850616455
280,1,280,3.426459312438965
556,14,556,5.292343378067017
9078,33,9078,5.713965177536011
908,14,908,3.364879608154297
3386,6,3386,4.279016017913818
780,6,780,2.9159648418426514
345,11,345,5.0301032066345215
253,8,253,4.560032844543457
328,26,328,4.09652042388916
973,8,973,2.8943448066711426
1543,10,1543,2.6244044303894043
5297,33,5297,4.7093212604522705
1557,19,1557,4.6659839153289795
3801,15,3801,3.1544740200042725
5210,8,5210,3.684858560562134
2776,23,2776,5.410649538040161
1089,13,1089,2.9834256172180176
289,8,289,3.778702974319458
952,7,952,4.384466171264648
1464,17,1464,5.049620866775513
915,20,915,4.357205390930176
667,25,667,4.672621011734009
2266,16,2266,5.156580924987793
273,6,273,2.867152452468872
550,6,550,3.6834232807159424
972,16,972,3.8881423473358154
106,3,106,4.320275068283081
2614,14,2614,3.5689938068389893
407,12,407,3.57466197013855
603,14,603,2.5644712448120117
967,11,967,4.151426792144775
1755,6,1755,3.677028179168701
7053,9,7053,3.795229196548462
1698,6,1698,4.356734275817871
1544,15,1544,3.977382183074951
1567,23,1567,4.576059579849243
2082,16,2082,3.82175612449646
1601,15,1601,4.047005653381348
1051,9,1051,5.198801040649414
1370,6,1370,4.572001934051514
870,12,870,4.705618143081665
743,11,743,4.660158634185791
278,11,278,3.571784496307373
4268,12,4268,3.380345582962036
1234,17,1234,4.730931043624878
511,10,511,3.386448621749878
4959,31,4959,5.364503383636475
901,14,901,3.8796112537384033
332,7,332,4.4787983894348145
7332,8,7332,5.1239776611328125
786,12,786,3.096548080444336
893,9,893,4.618299961090088
